compound_code	compound_name	turicibacter_mock_score	eubacterium_mock_score	ratio	magnitude	interaction_score	percentile
C05528	3-Sulfopyruvate	-4.17	-3.0	0.0	0.0	0.0	50.0
C00149	(S)-Malate	1.0	2.273	0.44	6.833	1.588	60.0
C02430	L-Methionyl-tRNA	-1.0	-4.322	0.0	0.0	0.0	50.0
C00437	N-Acetylornithine	1.379	-3.293	0.265	12.402	-1.719	70.0
C00826	L-Arogenate	3.17	4.585	0.691	33.001	4.512	80.0
C06126	Digalactosylceramide	3.7	6.022	0.614	77.979	5.582	90.0
C04877	UDP-N-acetylmuramoyl-L-alanyl-D-gamma-glutamyl-meso-2,6-diaminopimelate	-4.954	-3.17	0.0	0.0	0.0	50.0
C01185	Nicotinate_D-ribonucleotide	2.7	-1.0	0.308	8.498	-1.387	70.0
C16688	Sucrose_6-phosphate	4.755	2.322	0.488	32.002	3.966	80.0
C00794	D-Sorbitol	-3.7	-6.022	0.0	0.0	0.0	50.0
C00506	L-Cysteate	4.17	3.0	0.719	26.001	4.225	80.0
C00221	beta-D-Glucose	-3.563	3.916	0.783	26.914	-4.397	90.0
C00385	Xanthine	-0.678	-2.555	0.0	0.0	0.0	50.0
C00387	Guanosine	1.0	4.087	0.245	18.995	2.216	70.0
C02504	alpha-Isopropylmalate	3.157	-2.939	0.86	16.589	-3.834	90.0
C05839	cis-beta-D-Glucosyl-2-hydroxycinnamate	4.672	5.524	0.846	71.506	5.918	90.0
C01801	Deoxyribose	3.0	1.585	0.528	11.0	2.539	70.0
C00365	dUMP	0.874	1.0	0.874	3.833	1.744	60.0
C00008	ADP	-3.298	4.47	0.444	31.997	-3.828	90.0
C00003	NAD+	-2.415	-3.807	0.0	0.0	0.0	50.0
C00002	ATP	3.027	6.714	0.451	113.133	5.673	90.0
C00369	Starch	2.874	-4.078	0.434	24.22	-3.394	80.0
C05703	Methaneselenol	-2.807	-4.644	0.0	0.0	0.0	50.0
C16619	6-Thioguanosine_monophosphate	-1.0	-4.931	0.0	0.0	0.0	50.0
C02612	(R)-2-Methylmalate	3.392	4.7	0.722	36.49	4.719	80.0
C03742	(S)-4-Hydroxymandelonitrile	-4.672	-5.524	0.0	0.0	0.0	50.0
C00645	N-Acetyl-D-mannosamine	-3.585	-1.585	0.0	0.0	0.0	50.0
C00644	D-Mannitol_1-phosphate	-1.0	3.17	0.222	11.0	-1.289	60.0
C00310	D-Xylulose	5.907	6.17	0.957	132.008	6.982	90.0
C01931	L-Lysyl-tRNA	-1.0	-6.555	0.0	0.0	0.0	50.0
C01528	Hydrogen_selenide	-2.322	-4.17	0.0	0.0	0.0	50.0
C00760	Cellulose	4.115	-6.19	0.237	90.336	-4.422	90.0
C00093	sn-Glycerol_3-phosphate	2.102	5.061	0.415	37.675	3.968	80.0
C00095	D-Fructose	1.459	-5.755	0.051	56.753	-1.531	70.0
C00096	GDP-mannose	-2.807	0.379	0.186	8.299	-0.625	60.0
C00097	L-Cysteine	-2.858	4.279	0.373	26.664	-3.316	80.0
C00077	L-Ornithine	-1.585	-1.585	0.0	0.0	0.0	50.0
C04633	(3R)-3-Hydroxypalmitoyl-[acyl-carrier_protein]	2.954	-4.129	0.443	25.246	-3.483	80.0
C00166	Phenylpyruvate	-0.621	-1.596	0.0	0.0	0.0	50.0
C00163	Propanoate	2.585	6.476	0.399	95.017	5.245	90.0
C02984	L-Aspartyl-tRNA(Asp)	-5.833	-5.672	0.0	0.0	0.0	50.0
C02987	L-Glutamyl-tRNA(Glu)	-5.459	-5.044	0.0	0.0	0.0	50.0
C00169	Carbamoyl_phosphate	-3.563	-4.678	0.0	0.0	0.0	50.0
C02047	L-Leucyl-tRNA	-4.0	-5.524	0.0	0.0	0.0	50.0
C04377	5,10-Methylenetetrahydromethanopterin	-1.585	-5.615	0.0	0.0	0.0	50.0
C04376	5'-Phosphoribosyl-N-formylglycinamide	1.0	6.304	0.159	81.012	3.684	80.0
C20258	(2S,4S)-4-Hydroxy-2,3,4,5-tetrahydrodipicolinate	-4.063	-4.619	0.0	0.0	0.0	50.0
C00860	L-Histidinol	-3.7	4.17	0.722	30.997	-4.484	90.0
C04272	(R)-2,3-Dihydroxy-3-methylbutanoate	-2.248	2.585	0.792	10.75	-3.089	80.0
C01419	Cys-Gly	3.807	3.907	0.974	28.998	4.82	80.0
C03561	(R)-3-Hydroxybutanoyl-CoA	2.322	2.807	0.827	11.999	3.311	70.0
C08325	Amygdalin	4.672	5.524	0.846	71.506	5.918	90.0
C03402	L-Asparaginyl-tRNA(Asn)	-1.585	-3.939	0.0	0.0	0.0	50.0
C00692	UDP-N-acetylmuramoyl-L-alanyl-D-glutamate	4.954	1.585	0.32	33.996	3.443	70.0
C00695	Cholic_acid	-1.0	-3.17	0.0	0.0	0.0	50.0
C00269	CDP-diacylglycerol	1.0	-5.7	0.038	53.984	-1.054	60.0
C16219	3-Oxostearoyl-[acp]	-3.459	4.322	0.55	30.998	-4.091	90.0
C00263	L-Homoserine	1.291	1.503	0.859	5.281	2.182	70.0
C16217	3-Hydroxyoctadecanoyl-CoA	-3.0	-5.585	0.0	0.0	0.0	50.0
C16216	3-Oxostearoyl-CoA	3.0	5.585	0.537	56.001	4.911	80.0
C00267	alpha-D-Glucose	-3.798	4.765	0.512	41.099	-4.394	90.0
C04494	Guanosine_3'-diphosphate_5'-triphosphate	-2.322	-5.426	0.0	0.0	0.0	50.0
C00286	dGTP	3.047	-4.951	0.267	39.196	-3.389	80.0
C00283	Hydrogen_sulfide	3.17	3.585	0.884	21.001	4.215	80.0
C00288	HCO3-	4.087	-5.443	0.391	60.496	-4.563	90.0
C04691	2-Dehydro-3-deoxy-D-arabino-heptonate_7-phosphate	-2.322	-3.907	0.0	0.0	0.0	50.0
C04053	5-Dehydro-4-deoxy-D-glucuronate	4.524	2.807	0.62	30.005	4.219	80.0
C00672	2-Deoxy-D-ribose_1-phosphate	1.585	-3.585	0.25	15.0	-1.907	70.0
C01209	Malonyl-[acyl-carrier_protein]	4.17	3.931	0.943	33.254	4.97	80.0
C02492	1,4-beta-D-Mannan	3.322	5.524	0.601	56.014	5.074	90.0
C00217	D-Glutamate	-3.585	4.392	0.572	32.996	-4.237	90.0
C00212	Adenosine	1.0	4.087	0.245	18.995	2.216	70.0
C05796	Galactan	3.322	4.858	0.684	39.001	4.737	80.0
C00036	Oxaloacetate	3.289	6.503	0.506	100.472	5.667	90.0
C05841	Nicotinate_D-ribonucleoside	1.0	4.087	0.245	18.995	2.216	70.0
C00035	GDP	-3.626	-4.358	0.0	0.0	0.0	50.0
C00033	Acetate	-2.263	4.598	0.198	29.018	-2.524	70.0
C00031	D-Glucose	-2.858	-3.672	0.0	0.0	0.0	50.0
C00137	myo-Inositol	-3.7	-3.644	0.0	0.0	0.0	50.0
C00136	Butanoyl-CoA	3.0	-3.807	0.572	21.997	-3.652	80.0
C00134	Putrescine	1.585	1.585	1.0	6.0	2.585	70.0
C00133	D-Alanine	3.907	4.524	0.864	38.008	5.037	90.0
C00131	dATP	-0.531	-2.322	0.0	0.0	0.0	50.0
C00130	IMP	0.716	1.951	0.367	5.509	1.016	60.0
C00043	UDP-N-acetyl-alpha-D-glucosamine	3.022	-1.524	0.354	10.999	-1.961	70.0
C00041	L-Alanine	3.907	4.392	0.89	35.997	5.001	90.0
C00040	Acyl-CoA	2.7	4.907	0.55	36.5	4.328	80.0
C00046	RNA	4.077	-5.087	0.497	50.866	-4.659	90.0
C00044	GTP	-2.605	-5.884	0.0	0.0	0.0	50.0
C00049	L-Aspartate	2.714	3.232	0.84	15.957	3.744	80.0
C00048	Glyoxylate	3.322	3.954	0.84	25.498	4.421	80.0
C06481	L-Seryl-tRNA(Sec)	-3.907	-5.807	0.0	0.0	0.0	50.0
C04236	(2S)-2-Isopropyl-3-oxosuccinate	-1.0	-5.129	0.0	0.0	0.0	50.0
C01100	L-Histidinol_phosphate	3.17	-3.459	0.818	19.997	-4.033	90.0
C01103	Orotidine_5'-phosphate	3.17	-6.052	0.136	75.349	-3.354	80.0
C00101	Tetrahydrofolate	0.515	-2.655	0.227	7.727	-0.81	60.0
C05122	Taurocholate	1.0	3.17	0.315	11.0	1.795	60.0
C06007	(R)-2,3-Dihydroxy-3-methylpentanoate	-2.248	2.585	0.792	10.75	-3.089	80.0
C06006	(S)-2-Aceto-2-hydroxybutanoate	-2.585	4.129	0.343	23.497	-3.01	80.0
C16565	Aminopropylcadaverine	-3.459	-4.087	0.0	0.0	0.0	50.0
C00957	Mercaptopyruvate	-2.807	2.0	0.572	10.998	-2.652	70.0
C05345	beta-D-Fructose_6-phosphate	4.279	6.025	0.71	84.532	5.908	90.0
C01235	alpha-D-Galactosyl-(1->3)-1D-myo-inositol	3.7	6.022	0.614	77.979	5.582	90.0
C05223	Dodecanoyl-[acyl-carrier_protein]	4.17	1.0	0.24	20.001	2.262	70.0
C05466	Glycochenodeoxycholate	1.0	3.17	0.315	11.0	1.795	60.0
C05465	Taurochenodeoxycholate	1.0	3.17	0.315	11.0	1.795	60.0
C11907	4,6-Dideoxy-4-oxo-dTDP-D-glucose	-3.807	4.807	0.5	41.99	-4.392	90.0
C00253	Nicotinate	-0.415	-4.459	0.0	0.0	0.0	50.0
C00254	Prephenate	0.783	-1.678	0.538	4.921	-1.404	70.0
C05336	Selenomethionyl-tRNA(Met)	-1.0	-5.7	0.0	0.0	0.0	50.0
C00259	L-Arabinose	-6.248	-5.781	0.0	0.0	0.0	50.0
C01081	Thiamin_monophosphate	-3.585	-2.585	0.0	0.0	0.0	50.0
C00492	Raffinose	3.0	-4.392	0.381	28.995	-3.466	80.0
C00886	L-Alanyl-tRNA	-3.907	-5.755	0.0	0.0	0.0	50.0
C00498	ADP-glucose	-7.096	-7.105	0.0	0.0	0.0	50.0
C00078	L-Tryptophan	1.0	4.437	0.225	23.661	2.415	70.0
C00079	L-Phenylalanine	1.99	3.017	0.66	12.067	2.993	70.0
C00073	L-Methionine	2.668	3.661	0.729	19.005	3.792	80.0
C02282	Glutaminyl-tRNA	-4.038	-3.636	0.0	0.0	0.0	50.0
C00074	Phosphoenolpyruvate	-6.807	-6.981	0.0	0.0	0.0	50.0
C00075	UTP	3.194	6.969	0.458	134.43	5.945	90.0
C06032	D-erythro-3-Methylmalate	-2.517	2.585	0.954	11.724	-3.483	80.0
C00085	D-Fructose_6-phosphate	-3.322	7.107	0.073	147.855	-3.423	80.0
C02352	1,4-beta-D-Xylan	3.322	1.585	0.477	13.001	2.633	70.0
C00083	Malonyl-CoA	-4.087	-3.491	0.0	0.0	0.0	50.0
C00082	L-Tyrosine	0.022	-0.553	0.692	2.482	-0.781	60.0
C04640	2-(Formamido)-N1-(5'-phosphoribosyl)acetamidine	-1.0	-6.129	0.0	0.0	0.0	50.0
C00089	Sucrose	2.663	-5.931	0.104	67.345	-2.805	80.0
C04646	6-Thioinosine-5'-monophosphate	1.585	5.426	0.292	45.992	3.748	80.0
C00671	(S)-3-Methyl-2-oxopentanoic_acid	-0.637	2.29	0.318	6.446	-1.035	60.0
C01921	Glycocholate	1.0	3.17	0.315	11.0	1.795	60.0
C00673	2-Deoxy-D-ribose_5-phosphate	-0.585	-1.585	0.0	0.0	0.0	50.0
C01250	N-Acetyl-L-glutamate_5-semialdehyde	-1.138	2.678	0.344	8.6	-1.564	70.0
C00106	Uracil	4.524	2.888	0.638	30.409	4.279	80.0
C00105	UMP	1.322	-0.065	0.418	3.546	-0.569	60.0
C00103	D-Glucose_1-phosphate	-1.536	2.481	0.519	8.483	-2.14	70.0
C00100	Propanoyl-CoA	-0.415	-3.565	0.0	0.0	0.0	50.0
C05838	cis-2-Hydroxycinnamate	-4.672	-5.524	0.0	0.0	0.0	50.0
C00270	N-Acetylneuraminate	-2.322	1.585	0.6	8.0	-2.263	70.0
C00109	2-Oxobutanoate	3.395	3.158	0.93	19.445	4.177	80.0
C04702	UDPMurAc(oyl-L-Ala-D-gamma-Glu-L-Lys-D-Ala-D-Ala)	1.0	2.0	0.5	6.0	1.585	60.0
C05764	Hexadecanoyl-[acp]	4.17	1.0	0.24	20.001	2.262	70.0
C05761	Tetradecanoyl-[acp]	4.17	1.0	0.24	20.001	2.262	70.0
C05760	trans-Tetradec-2-enoyl-[acp]	-4.087	1.585	0.177	19.995	-1.82	70.0
C05763	trans-Hexadec-2-enoyl-[acp]	-4.087	1.585	0.177	19.995	-1.82	70.0
C05762	3-Oxohexadecanoyl-[acp]	-3.087	3.931	0.557	23.75	-3.726	90.0
C00361	dGDP	1.222	3.17	0.385	11.333	2.127	70.0
C00170	5'-Methylthioadenosine	1.115	-1.0	0.923	4.166	-1.944	70.0
C02992	L-Threonyl-tRNA(Thr)	-5.585	-6.209	0.0	0.0	0.0	50.0
C00179	Agmatine	3.0	2.322	0.774	13.0	3.331	70.0
C03090	5-Phosphoribosylamine	4.868	-2.678	0.219	35.602	-2.964	80.0
C01077	O-Acetyl-L-homoserine	4.0	4.954	0.807	46.996	5.246	90.0
C11435	4-(Cytidine_5'-diphospho)-2-C-methyl-D-erythritol	1.585	0.678	0.428	4.6	0.977	60.0
C11436	2-Phospho-4-(cytidine_5'-diphospho)-2-C-methyl-D-erythritol	-1.585	-2.053	0.0	0.0	0.0	50.0
C00857	Deamino-NAD+	-3.459	2.807	0.636	17.995	-3.518	80.0
C02412	Glycyl-tRNA(Gly)	-4.807	-6.392	0.0	0.0	0.0	50.0
C01179	3-(4-Hydroxyphenyl)pyruvate	-0.08	0.063	0.988	2.102	-1.055	60.0
C04823	1-(5'-Phosphoribosyl)-5-amino-4-(N-succinocarboxamide)-imidazole	1.0	1.0	1.0	4.0	2.0	70.0
C04411	(2R,3S)-3-Isopropylmalate	-2.609	2.678	0.953	12.5	-3.575	80.0
C01172	beta-D-Glucose_6-phosphate	-1.71	4.644	0.131	28.274	-1.887	70.0
C18796	(2R)-2-Hydroxy-2-methylbutanenitrile	-4.672	-5.524	0.0	0.0	0.0	50.0
C08334	Lotaustralin	4.672	5.524	0.846	71.506	5.918	90.0
C03892	Phosphatidylglycerophosphate	-1.585	-4.17	0.0	0.0	0.0	50.0
C00681	1-Acyl-sn-glycerol_3-phosphate	2.954	2.28	0.772	12.606	3.282	70.0
C00680	meso-2,6-Diaminoheptanedioate	2.342	4.918	0.476	35.302	4.071	80.0
C02839	L-Tyrosyl-tRNA(Tyr)	-2.807	-3.322	0.0	0.0	0.0	50.0
C02553	L-Seryl-tRNA(Ser)	-3.907	-5.807	0.0	0.0	0.0	50.0
C00688	dTDP-4-dehydro-6-deoxy-beta-L-mannose	3.17	-4.524	0.391	32.007	-3.646	80.0
C05378	beta-D-Fructose_1,6-bisphosphate	-4.832	3.672	0.448	41.229	-4.206	90.0
C04349	(4S)-4,6-Dihydroxy-2,5-dioxohexanoate	-3.644	-2.7	0.0	0.0	0.0	50.0
C16220	3-Hydroxyoctadecanoyl-[acp]	3.322	-4.524	0.435	33.007	-3.843	90.0
C01672	Cadaverine	3.459	4.087	0.846	27.991	4.566	80.0
C01674	Chitobiose	3.7	1.585	0.428	15.996	2.777	70.0
C00458	dCTP	3.0	-5.327	0.199	48.141	-3.262	80.0
C00459	dTTP	3.585	4.312	0.831	31.863	4.727	80.0
C04896	5-(5-Phospho-D-ribosylaminoformimino)-1-(5-phosphoribosyl)-imidazole-4-carboxamide	2.585	2.322	0.898	11.0	3.305	70.0
C00455	Nicotinamide_D-ribonucleotide	3.585	3.755	0.955	25.501	4.606	80.0
C00354	D-Fructose_1,6-bisphosphate	2.273	-4.605	0.199	29.169	-2.534	70.0
C00330	Deoxyguanosine	1.0	2.104	0.475	6.299	1.582	60.0
C00337	(S)-Dihydroorotate	-2.503	1.874	0.647	9.334	-2.594	70.0
C04688	(3R)-3-Hydroxytetradecanoyl-[acyl-carrier_protein]	3.322	-4.524	0.435	33.007	-3.843	90.0
C01269	5-O-(1-Carboxyvinyl)-3-phosphoshikimate	-2.585	-2.7	0.0	0.0	0.0	50.0
C00631	2-Phospho-D-glycerate	-0.594	0.249	0.787	2.698	-1.087	60.0
C02528	Chenodeoxycholate	-1.0	-3.17	0.0	0.0	0.0	50.0
C01594	Linamarin	4.672	5.524	0.846	71.506	5.918	90.0
C00208	Maltose	-1.585	-3.0	0.0	0.0	0.0	50.0
C00204	2-Dehydro-3-deoxy-D-gluconate	0.322	4.322	0.075	21.251	0.663	60.0
C01212	UDP-N-acetylmuramoyl-L-alanine	-3.322	-2.0	0.0	0.0	0.0	50.0
C00025	L-Glutamate	-1.263	-4.875	0.0	0.0	0.0	50.0
C00024	Acetyl-CoA	2.299	-4.381	0.236	25.757	-2.605	70.0
C00148	L-Proline	2.07	3.379	0.613	14.602	3.161	70.0
C00026	2-Oxoglutarate	-2.585	-4.807	0.0	0.0	0.0	50.0
C00021	S-Adenosyl-L-homocysteine	2.954	-4.555	0.33	31.256	-3.365	80.0
C00020	AMP	0.678	-3.565	0.135	13.435	-0.861	60.0
C00022	Pyruvate	5.066	3.299	0.651	43.34	4.819	80.0
C00143	5,10-Methylenetetrahydrofolate	0.425	-1.312	0.541	3.825	-1.049	60.0
C00140	N-Acetyl-D-glucosamine	-3.737	-1.585	0.0	0.0	0.0	50.0
C00141	3-Methyl-2-oxobutanoic_acid	-0.854	-3.904	0.0	0.0	0.0	50.0
C00029	UDP-glucose	-2.962	-1.131	0.0	0.0	0.0	50.0
C00147	Adenine	-0.322	2.644	0.2	7.501	-0.585	60.0
C00144	GMP	-0.788	-2.725	0.0	0.0	0.0	50.0
C05729	R-S-Cysteinylglycine	3.807	3.907	0.974	28.998	4.82	80.0
C04631	UDP-N-acetyl-3-(1-carboxyvinyl)-D-glucosamine	-4.181	-4.038	0.0	0.0	0.0	50.0
C03232	3-Phosphonooxypyruvate	1.766	4.711	0.375	29.592	3.472	80.0
C02739	1-(5-Phospho-D-ribosyl)-ATP	2.222	-3.624	0.378	16.995	-2.685	80.0
C05726	S-Substituted_L-cysteine	-3.807	-3.907	0.0	0.0	0.0	50.0
C06250	Holo-[carboxylase]	-1.585	1.415	0.889	5.667	-2.333	70.0
C04419	Carboxybiotin-carboxyl-carrier_protein	1.585	2.459	0.645	8.498	2.454	70.0
C04752	2-Methyl-4-amino-5-hydroxymethylpyrimidine_diphosphate	-4.0	2.0	0.25	20.0	-2.322	70.0
C04751	1-(5-Phospho-D-ribosyl)-5-amino-4-imidazolecarboxylate	1.585	4.17	0.38	21.001	2.997	70.0
C00092	D-Glucose_6-phosphate	-2.678	-6.194	0.0	0.0	0.0	50.0
C06037	Digalactosyl-diacylglycerol	3.7	6.022	0.614	77.979	5.582	90.0
C03511	L-Phenylalanyl-tRNA(Phe)	-4.585	-5.6	0.0	0.0	0.0	50.0
C03512	L-Tryptophanyl-tRNA(Trp)	-1.0	-5.7	0.0	0.0	0.0	50.0
C03287	L-Glutamyl_5-phosphate	-2.248	-3.781	0.0	0.0	0.0	50.0
C02741	Phosphoribosyl-AMP	0.585	0.585	1.0	3.0	1.585	60.0
C03125	L-Cysteinyl-tRNA(Cys)	-3.0	-3.807	0.0	0.0	0.0	50.0
C03127	L-Isoleucyl-tRNA(Ile)	-1.0	-6.15	0.0	0.0	0.0	50.0
C03692	1,2-Diacyl-3-beta-D-galactosyl-sn-glycerol	-3.7	-6.022	0.0	0.0	0.0	50.0
C20373	3-Hydroxyglutaryl-[acp]_methyl_ester	3.322	-4.524	0.435	33.007	-3.843	90.0
C20372	3-Ketoglutaryl-[acp]_methyl_ester	-3.459	4.322	0.55	30.998	-4.091	90.0
C20377	3-Hydroxypimeloyl-[acp]_methyl_ester	3.322	-4.524	0.435	33.007	-3.843	90.0
C20376	3-Ketopimeloyl-[acp]_methyl_ester	-3.459	4.322	0.55	30.998	-4.091	90.0
C20375	Glutaryl-[acp]_methyl_ester	4.17	4.858	0.858	47.001	5.334	90.0
C20374	Enoylglutaryl-[acp]_methyl_ester	-4.087	-4.7	0.0	0.0	0.0	50.0
C20378	Enoylpimeloyl-[acp]_methyl_ester	-4.087	-4.7	0.0	0.0	0.0	50.0
C04916	N-(5'-Phospho-D-1'-ribulosylformimino)-5-amino-1-(5''-phospho-D-ribosyl)-4-imidazolecarboxamide	-3.459	4.833	0.386	39.499	-3.93	90.0
C00416	Phosphatidate	2.939	5.363	0.548	48.824	4.742	80.0
C00037	Glycine	-0.089	4.775	0.039	28.443	-0.144	60.0
C04851	MurAc(oyl-L-Ala-D-gamma-Glu-L-Lys-D-Ala-D-Ala)-diphospho-undecaprenol	3.907	4.0	0.977	31.001	4.92	80.0
C01279	4-Amino-5-hydroxymethyl-2-methylpyrimidine	3.585	1.585	0.442	15.0	2.729	70.0
C01798	D-Glucoside	4.672	5.524	0.846	71.506	5.918	90.0
C00620	alpha-D-Ribose_1-phosphate	1.807	6.492	0.278	93.508	4.702	80.0
C02686	Galactosylceramide	-3.7	-6.022	0.0	0.0	0.0	50.0
C00243	Lactose	2.115	5.129	0.412	39.325	4.019	80.0
C00242	Guanine	-1.0	-2.907	0.0	0.0	0.0	50.0
C00245	Taurine	-1.0	-3.17	0.0	0.0	0.0	50.0
C01097	D-Tagatose_6-phosphate	5.555	6.943	0.8	170.055	7.088	90.0
C00561	Mandelonitrile	-4.672	-5.524	0.0	0.0	0.0	50.0
C01094	D-Fructose_1-phosphate	3.322	6.629	0.501	108.976	5.771	90.0
C00068	Thiamin_diphosphate	0.838	0.479	0.572	3.181	0.863	60.0
C00342	Thioredoxin	-3.496	3.807	0.806	25.279	-4.349	90.0
C00343	Thioredoxin_disulfide	3.544	-3.807	0.833	25.661	-4.418	90.0
C05684	Selenite	3.7	5.524	0.67	59.01	5.305	90.0
C00063	CTP	3.632	7.129	0.509	152.37	6.279	90.0
C00062	L-Arginine	-1.0	-1.585	0.0	0.0	0.0	50.0
C00065	L-Serine	0.981	-3.92	0.13	17.111	-1.158	60.0
C00064	L-Glutamine	-3.478	-3.033	0.0	0.0	0.0	50.0
C11811	1-Hydroxy-2-methyl-2-butenyl_4-diphosphate	-3.585	6.658	0.119	112.986	-3.747	90.0
C16633	5-Fluorouridine	3.907	5.044	0.775	47.992	5.216	90.0
C04677	1-(5'-Phosphoribosyl)-5-amino-4-imidazolecarboxamide	-1.293	-1.263	0.0	0.0	0.0	50.0
C16634	5-Fluorouridine_monophosphate	-3.907	-5.044	0.0	0.0	0.0	50.0
C19673	Malonyl-[acp]_methyl_ester	4.17	4.858	0.858	47.001	5.334	90.0
C00668	alpha-D-Glucose_6-phosphate	-2.705	5.783	0.118	61.583	-2.866	80.0
C00666	LL-2,6-Diaminoheptanedioate	-0.737	-1.716	0.0	0.0	0.0	50.0
C00117	D-Ribose_5-phosphate	3.568	-6.497	0.131	102.181	-3.746	90.0
C00116	Glycerol	-1.0	-6.022	0.0	0.0	0.0	50.0
C00111	Glycerone_phosphate	0.93	-4.496	0.084	24.47	-1.047	60.0
C00112	CDP	-5.524	-5.57	0.0	0.0	0.0	50.0
C00119	5-Phospho-alpha-D-ribose_1-diphosphate	-3.487	-3.234	0.0	0.0	0.0	50.0
C00118	D-Glyceraldehyde_3-phosphate	4.617	7.282	0.634	180.171	6.836	90.0
C05750	3-Oxooctanoyl-[acp]	-3.087	3.931	0.557	23.75	-3.726	90.0
C05751	trans-Oct-2-enoyl-[acp]	-4.087	1.585	0.177	19.995	-1.82	70.0
C05752	Octanoyl-[acp]	4.17	1.0	0.24	20.001	2.262	70.0
C05753	3-Oxodecanoyl-[acp]	-3.087	3.931	0.557	23.75	-3.726	90.0
C05754	trans-Dec-2-enoyl-[acp]	-4.087	1.585	0.177	19.995	-1.82	70.0
C05755	Decanoyl-[acp]	4.17	1.0	0.24	20.001	2.262	70.0
C05756	3-Oxododecanoyl-[acp]	-3.459	4.322	0.55	30.998	-4.091	90.0
C05757	(R)-3-Hydroxydodecanoyl-[acp]	3.322	-4.524	0.435	33.007	-3.843	90.0
C05758	trans-Dodec-2-enoyl-[acp]	-4.087	1.585	0.177	19.995	-1.82	70.0
C05759	3-Oxotetradecanoyl-[acp]	-3.459	4.322	0.55	30.998	-4.091	90.0
C00188	L-Threonine	2.546	-3.7	0.449	18.836	-3.081	80.0
C02702	L-Prolyl-tRNA(Pro)	-4.087	-5.358	0.0	0.0	0.0	50.0
C00185	Cellobiose	2.907	-6.768	0.069	116.487	-3.003	80.0
C00181	D-Xylose	-3.322	5.858	0.172	68.001	-3.551	80.0
C00010	CoA	-3.0	-4.087	0.0	0.0	0.0	50.0
C00158	Citrate	-1.83	-3.912	0.0	0.0	0.0	50.0
C00842	dTDP-glucose	-2.585	2.585	1.0	12.0	-3.585	80.0
C05823	3-Mercaptolactate	-2.585	-3.807	0.0	0.0	0.0	50.0
C02554	L-Valyl-tRNA(Val)	-1.0	-5.524	0.0	0.0	0.0	50.0
C01290	beta-D-Galactosyl-(1->4)-beta-D-glucosyl-(1<->1)-ceramide	3.322	5.129	0.648	44.994	4.865	80.0
C00446	alpha-D-Galactose_1-phosphate	-3.945	-3.036	0.0	0.0	0.0	50.0
C00445	5,10-Methenyltetrahydrofolate	0.059	0.874	0.068	2.874	-2.366	70.0
C01762	Xanthosine	1.0	4.087	0.245	18.995	2.216	70.0
C00441	L-Aspartate_4-semialdehyde	2.585	3.852	0.671	20.44	3.778	80.0
C00440	5-Methyltetrahydrofolate	2.807	3.624	0.775	19.327	3.904	80.0
C00526	Deoxyuridine	1.0	-2.874	0.273	9.331	-1.348	70.0
C11453	2-C-Methyl-D-erythritol_2,4-cyclodiphosphate	3.209	2.982	0.929	17.148	3.994	80.0
C00448	trans,trans-Farnesyl_diphosphate	1.0	3.644	0.274	14.501	1.993	70.0
C04882	UDP-N-acetylmuramoyl-L-alanyl-D-glutamyl-6-carboxy-L-lysyl-D-alanyl-D-alanine	1.0	2.0	0.5	6.0	1.585	60.0
C16221	(2E)-Octadecenoyl-[acp]	-4.087	1.585	0.177	19.995	-1.82	70.0
C01190	beta-D-Glucosyl-(1<->1)-ceramide	-3.322	-5.129	0.0	0.0	0.0	50.0
C04133	N-Acetyl-L-glutamate_5-phosphate	1.415	1.807	0.783	6.166	2.271	70.0
C03838	5'-Phosphoribosylglycinamide	-5.644	-4.755	0.0	0.0	0.0	50.0
C05400	Epimelibiose	3.7	6.022	0.614	77.979	5.582	90.0
C05401	3-beta-D-Galactosyl-sn-glycerol	3.7	6.022	0.614	77.979	5.582	90.0
C05402	Melibiose	-3.0	4.392	0.381	28.995	-3.466	80.0
C05404	D-Gal_alpha_1->6D-Gal_alpha_1->6D-Glucose	-3.907	5.931	0.246	76.012	-4.224	90.0
C03939	Acetyl-[acyl-carrier_protein]	4.17	0.515	0.124	19.43	1.263	60.0
C04039	2,3-Dihydroxy-3-methylbutanoate	-2.807	3.17	0.778	15.999	-3.637	80.0
C05335	L-Selenomethionine	-2.585	3.0	0.75	14.0	-3.392	80.0
C01222	GDP-4-dehydro-6-deoxy-D-mannose	-2.585	-4.459	0.0	0.0	0.0	50.0
C00624	N-Acetyl-L-glutamate	-1.585	-1.0	0.0	0.0	0.0	50.0
C00231	D-Xylulose_5-phosphate	1.802	-5.718	0.066	56.124	-1.895	70.0
C00234	10-Formyltetrahydrofolate	-1.04	-1.338	0.0	0.0	0.0	50.0
C01613	Stachyose	4.322	5.492	0.787	65.006	5.677	90.0
C00159	D-Mannose	2.97	-5.874	0.134	66.483	-3.151	80.0
C05984	2-Hydroxybutanoic_acid	2.585	3.807	0.679	19.997	3.763	80.0
C00014	Ammonia	3.191	-3.378	0.878	19.529	-4.101	90.0
C00015	UDP	-4.575	-5.037	0.0	0.0	0.0	50.0
C00019	S-Adenosyl-L-methionine	-1.585	-4.982	0.0	0.0	0.0	50.0
C00153	Nicotinamide	-1.0	-4.459	0.0	0.0	0.0	50.0
C00152	L-Asparagine	-3.434	1.737	0.308	14.141	-2.125	70.0
C00155	L-Homocysteine	-0.402	-6.156	0.0	0.0	0.0	50.0
C02336	beta-D-Fructose	-4.17	1.585	0.167	21.001	-1.807	70.0
C04620	(3R)-3-Hydroxyoctanoyl-[acyl-carrier_protein]	2.954	-4.129	0.443	25.246	-3.483	80.0
C00655	Xanthosine_5'-phosphate	0.663	-4.167	0.088	19.547	-0.785	60.0
C00301	ADP-ribose	1.0	4.755	0.21	29.002	2.609	70.0
C00718	Amylose	-4.0	-4.285	0.0	0.0	0.0	50.0
C17556	di-trans,poly-cis-Undecaprenyl_phosphate	1.0	2.0	0.5	6.0	1.585	60.0
C04442	2-Dehydro-3-deoxy-6-phospho-D-gluconate	2.585	-6.547	0.064	99.507	-2.675	80.0
C01127	4-Hydroxy-2-oxoglutarate	3.459	5.0	0.692	42.997	4.895	80.0
C05143	Dhurrin	4.672	5.524	0.846	71.506	5.918	90.0
C18902	Methylselenic_acid	3.7	5.524	0.67	59.01	5.305	90.0
C00979	O-Acetyl-L-serine	1.415	-2.078	0.632	6.889	-2.121	70.0
C04246	But-2-enoyl-[acyl-carrier_protein]	-4.087	1.585	0.177	19.995	-1.82	70.0
C03373	Aminoimidazole_ribotide	3.907	-4.954	0.484	45.997	-4.476	90.0
C06055	O-Phospho-4-hydroxy-L-threonine	-2.17	-5.943	0.0	0.0	0.0	50.0
C03972	2,3,4,5-Tetrahydrodipicolinate	-0.415	1.105	0.62	3.484	-1.111	60.0
C00577	D-Glyceraldehyde	-1.0	-7.15	0.0	0.0	0.0	50.0
C00279	D-Erythrose_4-phosphate	-0.628	-6.779	0.0	0.0	0.0	50.0
C00275	D-Mannose_6-phosphate	-4.115	3.568	0.684	29.187	-4.32	90.0
C02474	Arabinan	6.629	5.781	0.872	153.962	7.069	90.0
C00900	2-Acetolactate	-2.585	4.129	0.343	23.497	-3.01	80.0
C00475	Cytidine	-1.826	1.189	0.643	5.825	-1.905	70.0
C12215	Iminoerythrose_4-phosphate	-2.322	-7.852	0.0	0.0	0.0	50.0
C12214	Aminofructose_6-phosphate	2.322	7.852	0.296	236.04	6.125	90.0
C00294	Inosine	1.0	4.087	0.245	18.995	2.216	70.0
C05698	Selenohomocysteine	2.807	-7.492	0.039	187.017	-2.862	80.0
C01267	3-(Imidazol-4-yl)-2-oxopropyl_phosphate	-0.341	-0.617	0.0	0.0	0.0	50.0
C00352	D-Glucosamine_6-phosphate	1.848	1.848	1.0	7.2	2.848	70.0
C05399	Melibiitol	3.7	6.022	0.614	77.979	5.582	90.0
C05898	Undecaprenyl-diphospho-N-acetylmuramoyl-(N-acetylglucosamine)-L-alanyl-D-glutamyl-meso-2,6-diaminopimeloyl-D-alanyl-D-alanine	-4.0	-4.907	0.0	0.0	0.0	50.0
C05893	Undecaprenyl-diphospho-N-acetylmuramoyl-(N-acetylglucosamine)-L-alanyl-gamma-D-glutamyl-L-lysyl-D-alanyl-D-alanine	-4.0	-5.044	0.0	0.0	0.0	50.0
C05897	Undecaprenyl-diphospho-N-acetylmuramoyl-L-alanyl-D-glutamyl-meso-2,6-diaminopimeloyl-D-alanyl-D-alanine	3.907	4.0	0.977	31.001	4.92	80.0
C00993	D-Alanyl-D-alanine	-3.907	-4.087	0.0	0.0	0.0	50.0
C00121	D-Ribose	3.0	1.585	0.528	11.0	2.539	70.0
C00122	Fumarate	-0.766	1.469	0.614	4.469	-1.457	70.0
C00123	L-Leucine	1.737	-0.737	0.5	5.0	-1.322	60.0
C00124	D-Galactose	2.907	-4.363	0.365	28.078	-3.355	80.0
C05749	Hexanoyl-[acp]	4.17	1.0	0.24	20.001	2.262	70.0
C05748	trans-Hex-2-enoyl-[acp]	-4.087	1.585	0.177	19.995	-1.82	70.0
C05747	(R)-3-Hydroxyhexanoyl-[acp]	3.322	-4.524	0.435	33.007	-3.843	90.0
C05746	3-Oxohexanoyl-[acp]	-3.459	4.322	0.55	30.998	-4.091	90.0
C05745	Butyryl-[acp]	4.17	1.0	0.24	20.001	2.262	70.0
C05744	Acetoacetyl-[acp]	-2.807	3.966	0.448	22.626	-3.341	80.0
C03150	Nicotinamide-beta-riboside	1.0	4.087	0.245	18.995	2.216	70.0
C04618	(3R)-3-Hydroxybutanoyl-[acyl-carrier_protein]	2.678	-3.828	0.451	20.601	-3.215	80.0
C04619	(3R)-3-Hydroxydecanoyl-[acyl-carrier_protein]	2.954	-4.129	0.443	25.246	-3.483	80.0
C00199	D-Ribulose_5-phosphate	1.659	-4.049	0.191	19.711	-1.911	70.0
C00052	UDP-alpha-D-galactose	2.379	2.147	0.902	9.631	3.12	70.0
C02659	Acetone_cyanohydrin	-4.672	-5.524	0.0	0.0	0.0	50.0
C00197	3-Phospho-D-glycerate	5.743	6.311	0.91	132.953	6.919	90.0
C03785	D-Tagatose_1,6-bisphosphate	-5.555	-6.943	0.0	0.0	0.0	50.0
C00011	CO2	2.322	7.565	0.307	194.362	5.899	90.0
C01050	UDP-N-acetylmuramate	3.496	-3.793	0.814	25.144	-4.355	90.0
C04574	di-trans,poly-cis-Undecaprenyl_diphosphate	-1.0	-4.585	0.0	0.0	0.0	50.0
C00206	dADP	2.237	7.077	0.316	139.731	5.465	90.0
C03539	S-Ribosyl-L-homocysteine	-4.17	1.585	0.167	21.001	-1.807	70.0
C06010	(S)-2-Acetolactate	-1.807	3.209	0.378	12.746	-2.27	70.0
