compound_code	compound_name	lactobacillus_630_score	parabacteroides_630_score	ratio	magnitude	interaction_score	percentile
C02730	2-Succinylbenzoate	8.577	4.807	0.56	409.88	7.844	80.0
C05528	3-Sulfopyruvate	-3.322	-6.476	0.0	0.0	0.0	50.0
C00149	(S)-Malate	5.426	-2.752	0.157	49.729	-2.962	70.0
C00944	3-Dehydroquinate	1.585	-3.858	0.207	17.5	-1.856	70.0
C02430	L-Methionyl-tRNA	-8.155	-4.248	0.0	0.0	0.0	50.0
C14819	Fe3+	-4.7	-5.524	0.0	0.0	0.0	50.0
C14818	Fe2+	7.044	5.524	0.784	177.978	7.125	80.0
C00436	N-Carbamoylputrescine	-3.459	4.907	0.367	40.999	-3.91	80.0
C00438	N-Carbamoyl-L-aspartate	-4.209	3.115	0.468	27.158	-3.669	80.0
C00826	L-Arogenate	3.322	5.392	0.616	51.991	5.001	70.0
C06126	Digalactosylceramide	10.684	5.358	0.501	1686.159	9.724	90.0
C04877	UDP-N-acetylmuramoyl-L-alanyl-D-gamma-glutamyl-meso-2,6-diaminopimelate	-9.796	-1.585	0.0	0.0	0.0	50.0
C04874	2-Amino-4-hydroxy-6-(D-erythro-1,2,3-trihydroxypropyl)-7,8-dihydropteridine	-8.011	2.0	0.016	261.959	-2.022	70.0
C01185	Nicotinate_D-ribonucleotide	8.56	3.632	0.424	389.811	7.37	80.0
C03160	2-Succinylbenzoyl-CoA	3.7	1.0	0.27	14.996	2.019	60.0
C05796	Galactan	9.89	6.098	0.617	1017.325	9.293	90.0
C00794	D-Sorbitol	-5.883	-5.358	0.0	0.0	0.0	50.0
C00506	L-Cysteate	3.322	4.248	0.782	29.001	4.503	60.0
C00227	Acetyl_phosphate	-8.495	0.387	0.004	362.094	-0.392	60.0
C00221	beta-D-Glucose	-10.157	-5.716	0.0	0.0	0.0	50.0
C00385	Xanthine	-6.404	2.459	0.065	90.181	-2.55	70.0
C00387	Guanosine	8.296	-2.222	0.015	318.966	-2.243	70.0
C00229	Acyl-carrier_protein	-3.807	4.931	0.459	44.502	-4.352	80.0
C00508	L-Ribulose	-5.615	-5.858	0.0	0.0	0.0	50.0
C02291	L-Cystathionine	7.748	6.15	0.794	285.984	7.827	80.0
C00364	dTMP	-7.558	2.7	0.034	194.943	-2.749	70.0
C00365	dUMP	-7.122	-4.183	0.0	0.0	0.0	50.0
C00362	dGMP	8.366	-3.858	0.044	344.426	-3.92	80.0
C00363	dTDP	9.379	5.883	0.627	724.84	8.829	90.0
C00009	Orthophosphate	-8.781	-4.858	0.0	0.0	0.0	50.0
C00008	ADP	-10.357	2.585	0.005	1317.498	-2.592	70.0
C05831	3-Methoxyanthranilate	-4.524	-4.459	0.0	0.0	0.0	50.0
C00006	NADP+	10.437	-4.858	0.021	1415.278	-4.888	90.0
C00003	NAD+	-4.632	-2.415	0.0	0.0	0.0	50.0
C00002	ATP	-9.427	5.839	0.083	745.593	-5.954	90.0
C00369	Starch	8.586	4.508	0.525	407.029	7.739	80.0
C05703	Methaneselenol	-10.171	-4.977	0.0	0.0	0.0	50.0
C16619	6-Thioguanosine_monophosphate	-9.289	-5.524	0.0	0.0	0.0	50.0
C16618	6-Thioxanthine_5'-monophosphate	8.765	3.459	0.395	446.035	7.46	80.0
C16615	6-Methylthiopurine_5'-monophosphate_ribonucleotide	-8.738	-5.585	0.0	0.0	0.0	50.0
C16614	6-Methylmercaptopurine	8.738	5.585	0.639	474.974	8.246	80.0
C00099	beta-Alanine	5.508	-2.585	0.132	51.507	-2.764	70.0
C00310	D-Xylulose	-3.7	-6.492	0.0	0.0	0.0	50.0
C01931	L-Lysyl-tRNA	-9.776	-6.022	0.0	0.0	0.0	50.0
C01528	Hydrogen_selenide	-9.874	-4.907	0.0	0.0	0.0	50.0
C00091	Succinyl-CoA	-10.237	-5.857	0.0	0.0	0.0	50.0
C00092	D-Glucose_6-phosphate	-9.688	7.766	0.264	1042.527	-8.104	90.0
C00093	sn-Glycerol_3-phosphate	8.003	5.129	0.641	291.526	7.546	80.0
C00095	D-Fructose	9.073	-5.322	0.074	578.576	-5.425	90.0
C00096	GDP-mannose	9.47	2.35	0.248	714.274	7.47	80.0
C00097	L-Cysteine	-7.238	3.988	0.105	166.825	-4.132	80.0
C05729	R-S-Cysteinylglycine	6.129	5.209	0.85	106.975	6.506	70.0
C15547	1,4-Dihydroxy-2-naphthoyl-CoA	-8.622	-4.858	0.0	0.0	0.0	50.0
C15667	5-Carboxyamino-1-(5-phospho-D-ribosyl)imidazole	-9.127	5.044	0.059	592.106	-5.127	90.0
C06196	2'-Deoxyinosine_5'-phosphate	-9.428	-6.229	0.0	0.0	0.0	50.0
C03232	3-Phosphonooxypyruvate	5.916	-2.0	0.066	64.38	-2.093	70.0
C06199	Hordenine	-4.524	-4.459	0.0	0.0	0.0	50.0
C14762	13(S)-HODE	10.811	4.644	0.43	1821.536	9.612	90.0
C14765	13-OxoODE	-10.811	-4.644	0.0	0.0	0.0	50.0
C00166	Phenylpyruvate	-0.195	4.206	0.062	19.6	-0.282	60.0
C00167	UDP-glucuronate	-3.907	-6.229	0.0	0.0	0.0	50.0
C02988	L-Histidyl-tRNA(His)	-8.401	-5.459	0.0	0.0	0.0	50.0
C00163	Propanoate	9.333	5.322	0.57	684.933	8.609	90.0
C02987	L-Glutamyl-tRNA(Glu)	-9.267	-6.728	0.0	0.0	0.0	50.0
C03263	Coproporphyrinogen_III	2.0	4.7	0.426	29.992	3.674	60.0
C02047	L-Leucyl-tRNA	-9.881	-5.17	0.0	0.0	0.0	50.0
C03082	4-Phospho-L-aspartate	-4.278	-4.217	0.0	0.0	0.0	50.0
C04377	5,10-Methylenetetrahydromethanopterin	-10.673	-9.243	0.0	0.0	0.0	50.0
C04376	5'-Phosphoribosyl-N-formylglycinamide	5.459	3.0	0.55	51.987	4.836	70.0
C00860	L-Histidinol	-3.0	-5.358	0.0	0.0	0.0	50.0
C02962	D-Allose_6-phosphate	3.907	5.672	0.689	65.986	5.506	70.0
C00864	Pantothenate	7.547	-3.7	0.069	200.01	-3.797	80.0
C04272	(R)-2,3-Dihydroxy-3-methylbutanoate	3.322	-3.82	0.708	24.124	-4.094	80.0
C01419	Cys-Gly	6.129	5.209	0.85	106.975	6.506	70.0
C03360	4-Nitrophenyl_phosphate	8.011	5.248	0.655	295.961	7.599	80.0
C01412	Butanal	11.441	4.644	0.406	2805.255	10.153	90.0
C03402	L-Asparaginyl-tRNA(Asn)	-9.575	-5.728	0.0	0.0	0.0	50.0
C03406	N-(L-Arginino)succinate	6.807	-6.15	0.634	182.985	-6.859	90.0
C07648	Thioguanine	8.738	5.585	0.639	474.974	8.246	80.0
C00288	HCO3-	8.31	-5.209	0.117	354.354	-5.368	90.0
C00692	UDP-N-acetylmuramoyl-L-alanyl-D-glutamate	8.817	-3.585	0.027	463.005	-3.623	80.0
C18096	D-Allulose_6-phosphate	-3.907	-5.672	0.0	0.0	0.0	50.0
C00269	CDP-diacylglycerol	-3.858	-2.121	0.0	0.0	0.0	50.0
C16219	3-Oxostearoyl-[acp]	9.518	8.852	0.93	1195.248	10.118	90.0
C18259	1-Methoxypyrene	-4.524	-4.459	0.0	0.0	0.0	50.0
C00263	L-Homoserine	-2.902	-0.329	0.0	0.0	0.0	50.0
C00262	Hypoxanthine	-7.746	2.544	0.027	220.505	-2.583	70.0
C16217	3-Hydroxyoctadecanoyl-CoA	-9.687	-9.033	0.0	0.0	0.0	50.0
C16216	3-Oxostearoyl-CoA	9.687	9.033	0.932	1348.132	10.296	90.0
C00267	alpha-D-Glucose	7.542	2.775	0.368	193.211	6.152	70.0
C00266	Glycolaldehyde	-5.392	-5.066	0.0	0.0	0.0	50.0
C04494	Guanosine_3'-diphosphate_5'-triphosphate	-7.039	-6.768	0.0	0.0	0.0	50.0
C00460	dUTP	8.028	-1.926	0.015	264.817	-1.947	70.0
C00286	dGTP	-11.027	-0.143	0.0	0.0	0.0	50.0
C04432	tRNA_containing_6-isopentenyladenosine	-7.435	-5.728	0.0	0.0	0.0	50.0
C01962	Thiocysteine	-7.748	-6.15	0.0	0.0	0.0	50.0
C05427	Phytyl_diphosphate	8.397	4.392	0.523	358.088	7.549	80.0
C04691	2-Dehydro-3-deoxy-D-arabino-heptonate_7-phosphate	3.17	5.322	0.596	49.002	4.867	70.0
C04051	5-Amino-4-imidazolecarboxyamide	-10.133	-5.426	0.0	0.0	0.0	50.0
C00407	L-Isoleucine	-6.845	2.536	0.05	120.761	-2.607	70.0
C01209	Malonyl-[acyl-carrier_protein]	5.066	4.319	0.853	53.457	5.51	70.0
C02492	1,4-beta-D-Mannan	-9.47	4.954	0.044	740.172	-5.016	90.0
C00217	D-Glutamate	6.552	-1.503	0.03	96.666	-1.546	60.0
C00214	Thymidine	-8.706	-3.17	0.0	0.0	0.0	50.0
C00212	Adenosine	7.743	-3.524	0.054	225.731	-3.599	80.0
C00036	Oxaloacetate	6.372	5.54	0.869	129.352	6.813	70.0
C05841	Nicotinate_D-ribonucleoside	8.572	3.459	0.404	391.562	7.304	80.0
C00035	GDP	-9.944	2.485	0.006	990.612	-2.493	70.0
C00031	D-Glucose	6.687	5.637	0.843	152.799	7.009	70.0
C00137	myo-Inositol	-9.107	-5.358	0.0	0.0	0.0	50.0
C00135	L-Histidine	7.371	5.17	0.701	201.538	7.143	80.0
C00134	Putrescine	-8.109	-3.7	0.0	0.0	0.0	50.0
C00133	D-Alanine	11.283	3.0	0.266	2499.847	9.377	90.0
C00131	dATP	9.941	-3.655	0.013	995.564	-3.673	80.0
C00130	IMP	-7.201	-3.524	0.0	0.0	0.0	50.0
C00043	UDP-N-acetyl-alpha-D-glucosamine	-6.187	4.624	0.338	97.515	-5.045	90.0
C00042	Succinate	7.17	6.693	0.933	247.473	7.852	80.0
C00041	L-Alanine	-6.71	-1.503	0.0	0.0	0.0	50.0
C00047	L-Lysine	8.375	4.17	0.498	349.992	7.445	80.0
C00046	RNA	-9.383	-5.631	0.0	0.0	0.0	50.0
C00044	GTP	-9.874	-4.486	0.0	0.0	0.0	50.0
C00049	L-Aspartate	5.445	-2.2	0.105	48.157	-2.345	70.0
C06481	L-Seryl-tRNA(Sec)	-9.658	-5.644	0.0	0.0	0.0	50.0
C01101	L-Ribulose_5-phosphate	2.865	5.322	0.538	47.287	4.67	70.0
C01100	L-Histidinol_phosphate	3.369	5.358	0.629	51.344	5.013	70.0
C01103	Orotidine_5'-phosphate	2.322	-4.298	0.254	24.671	-2.649	70.0
C02888	Sorbose_1-phosphate	-10.811	-4.644	0.0	0.0	0.0	50.0
C03684	6-Pyruvoyltetrahydropterin	-3.807	-4.858	0.0	0.0	0.0	50.0
C06007	(R)-2,3-Dihydroxy-3-methylpentanoate	3.322	-3.82	0.708	24.124	-4.094	80.0
C06006	(S)-2-Aceto-2-hydroxybutanoate	-8.466	4.672	0.072	379.099	-4.772	90.0
C05345	beta-D-Fructose_6-phosphate	10.036	5.425	0.541	1092.836	9.206	90.0
C01235	alpha-D-Galactosyl-(1->3)-1D-myo-inositol	10.684	5.358	0.501	1686.159	9.724	90.0
C05840	Iminoaspartate	3.585	3.585	1.0	24.001	4.585	70.0
C05223	Dodecanoyl-[acyl-carrier_protein]	-7.741	5.788	0.258	269.184	-6.119	90.0
C00037	Glycine	9.857	8.689	0.882	1340.084	10.206	90.0
C16698	N-Acetylmuramic_acid_6-phosphate	-3.322	-4.954	0.0	0.0	0.0	50.0
C11907	4,6-Dideoxy-4-oxo-dTDP-D-glucose	-6.833	-3.907	0.0	0.0	0.0	50.0
C00253	Nicotinate	-8.706	-6.261	0.0	0.0	0.0	50.0
C00251	Chorismate	1.322	-3.17	0.278	11.501	-1.676	70.0
C18260	1,6-Dimethoxypyrene	-4.524	-4.459	0.0	0.0	0.0	50.0
C00255	Riboflavin	6.426	-5.285	0.453	124.973	-5.824	90.0
C05336	Selenomethionyl-tRNA(Met)	-9.209	-5.459	0.0	0.0	0.0	50.0
C00258	D-Glycerate	5.82	-1.322	0.044	58.993	-1.384	60.0
C05335	L-Selenomethionine	9.18	2.0	0.218	584.037	6.991	70.0
C00559	Deoxyadenosine	-7.394	2.939	0.046	175.865	-3.003	70.0
C00491	L-Cystine	7.748	6.15	0.794	285.984	7.827	80.0
C00886	L-Alanyl-tRNA	-9.063	-6.229	0.0	0.0	0.0	50.0
C00882	Dephospho-CoA	-7.814	1.585	0.013	228.034	-1.604	70.0
C00078	L-Tryptophan	8.405	-4.644	0.074	363.969	-4.747	90.0
C00079	L-Phenylalanine	6.767	-1.632	0.028	112.01	-1.672	70.0
C00073	L-Methionine	3.931	-2.655	0.413	21.551	-3.154	70.0
C00077	L-Ornithine	-3.644	-4.17	0.0	0.0	0.0	50.0
C00074	Phosphoenolpyruvate	-7.954	-7.257	0.0	0.0	0.0	50.0
C00075	UTP	9.51	5.052	0.531	762.288	8.662	90.0
C00085	D-Fructose_6-phosphate	8.942	-3.322	0.02	501.825	-3.351	80.0
C00082	L-Tyrosine	5.063	-3.863	0.435	47.979	-4.384	80.0
C00081	ITP	-6.741	4.087	0.159	123.96	-4.3	80.0
C04640	2-(Formamido)-N1-(5'-phosphoribosyl)acetamidine	-5.807	1.585	0.054	58.986	-1.66	70.0
C03175	Shikimate_3-phosphate	-0.585	-3.17	0.0	0.0	0.0	50.0
C00089	Sucrose	-9.371	-3.585	0.0	0.0	0.0	50.0
C04646	6-Thioinosine-5'-monophosphate	-5.248	-3.907	0.0	0.0	0.0	50.0
C02218	Dehydroalanine	-9.109	-4.524	0.0	0.0	0.0	50.0
C00671	(S)-3-Methyl-2-oxopentanoic_acid	9.554	4.231	0.443	770.471	8.414	80.0
C00673	2-Deoxy-D-ribose_5-phosphate	-6.755	5.728	0.491	161.011	-6.304	90.0
C00106	Uracil	8.64	3.17	0.367	407.933	7.226	80.0
C00104	IDP	9.635	5.883	0.611	854.119	9.027	90.0
C00105	UMP	5.848	2.753	0.471	64.341	4.921	70.0
C00103	D-Glucose_1-phosphate	8.525	-4.747	0.073	395.22	-4.849	90.0
C00100	Propanoyl-CoA	-11.843	4.044	0.004	3690.149	-4.05	80.0
C00101	Tetrahydrofolate	-5.948	6.508	0.678	152.747	-6.695	90.0
C13638	1-(4'-Hydroxyphenyl)ethanol	10.811	4.644	0.43	1821.536	9.612	90.0
C00109	2-Oxobutanoate	8.041	-4.129	0.066	280.876	-4.222	80.0
C04702	UDPMurAc(oyl-L-Ala-D-gamma-Glu-L-Lys-D-Ala-D-Ala)	-5.585	3.17	0.188	57.002	-3.418	80.0
C05764	Hexadecanoyl-[acp]	-7.741	5.977	0.294	276.919	-6.349	90.0
C05761	Tetradecanoyl-[acp]	-7.741	5.57	0.222	261.435	-5.859	90.0
C05760	trans-Tetradec-2-enoyl-[acp]	-6.615	-4.907	0.0	0.0	0.0	50.0
C05763	trans-Hexadec-2-enoyl-[acp]	-6.615	-4.907	0.0	0.0	0.0	50.0
C05762	3-Oxohexadecanoyl-[acp]	9.103	8.438	0.927	896.7	9.699	90.0
C00361	dGDP	11.327	-2.722	0.003	2575.614	-2.726	70.0
C05830	8-Methoxykynurenate	-4.524	-4.459	0.0	0.0	0.0	50.0
C02992	L-Threonyl-tRNA(Thr)	-9.472	-5.931	0.0	0.0	0.0	50.0
C00179	Agmatine	3.459	-5.426	0.256	53.989	-3.788	80.0
C03090	5-Phosphoribosylamine	5.406	3.632	0.672	54.798	5.202	70.0
C02972	Dihydrolipoylprotein	10.237	-9.533	0.614	1947.655	-10.224	90.0
C01079	Protoporphyrinogen_IX	-2.0	-4.7	0.0	0.0	0.0	50.0
C11435	4-(Cytidine_5'-diphospho)-2-C-methyl-D-erythritol	6.539	-1.585	0.032	95.99	-1.631	70.0
C11436	2-Phospho-4-(cytidine_5'-diphospho)-2-C-methyl-D-erythritol	-6.524	1.874	0.04	95.693	-1.93	70.0
C00857	Deamino-NAD+	-6.748	-2.322	0.0	0.0	0.0	50.0
C11432	1-Phenanthrol	4.524	4.459	0.986	45.0	5.471	70.0
C11433	1-Methoxyphenanthrene	-4.524	-4.459	0.0	0.0	0.0	50.0
C04823	1-(5'-Phosphoribosyl)-5-amino-4-(N-succinocarboxamide)-imidazole	8.543	-3.807	0.038	386.988	-3.86	80.0
C01172	beta-D-Glucose_6-phosphate	-8.11	2.406	0.019	281.582	-2.433	70.0
C00169	Carbamoyl_phosphate	-7.453	-4.86	0.0	0.0	0.0	50.0
C03892	Phosphatidylglycerophosphate	-9.05	-4.17	0.0	0.0	0.0	50.0
C02412	Glycyl-tRNA(Gly)	-8.911	-6.066	0.0	0.0	0.0	50.0
C00680	meso-2,6-Diaminoheptanedioate	7.801	-6.666	0.455	324.562	-7.207	90.0
C02553	L-Seryl-tRNA(Ser)	-9.658	-5.644	0.0	0.0	0.0	50.0
C00688	dTDP-4-dehydro-6-deoxy-beta-L-mannose	-7.67	2.939	0.038	211.326	-2.992	70.0
C05378	beta-D-Fructose_1,6-bisphosphate	12.624	4.179	0.331	6330.632	11.033	90.0
C00448	trans,trans-Farnesyl_diphosphate	6.429	-0.585	0.017	87.663	-0.61	60.0
C04349	(4S)-4,6-Dihydroxy-2,5-dioxohexanoate	-4.087	-5.492	0.0	0.0	0.0	50.0
C16220	3-Hydroxyoctadecanoyl-[acp]	-8.725	-9.033	0.0	0.0	0.0	50.0
C00921	Dihydropteroate	7.665	-3.459	0.054	213.949	-3.535	80.0
C00458	dCTP	-8.236	-4.464	0.0	0.0	0.0	50.0
C00459	dTTP	-8.68	-4.559	0.0	0.0	0.0	50.0
C00455	Nicotinamide_D-ribonucleotide	8.304	5.087	0.613	350.037	7.744	80.0
C01697	Galactitol	5.334	3.222	0.604	49.667	4.907	70.0
C15972	Enzyme_N6-(lipoyl)lysine	7.134	-5.087	0.242	174.448	-5.4	90.0
C00330	Deoxyguanosine	8.502	-1.222	0.006	364.874	-1.231	60.0
C00334	4-Aminobutanoate	6.082	-5.728	0.782	120.746	-6.562	90.0
C00337	(S)-Dihydroorotate	-3.841	1.874	0.256	17.996	-2.203	70.0
C04688	(3R)-3-Hydroxytetradecanoyl-[acyl-carrier_protein]	-8.725	-8.951	0.0	0.0	0.0	50.0
C00631	2-Phospho-D-glycerate	-7.459	-3.469	0.0	0.0	0.0	50.0
C00632	3-Hydroxyanthranilate	4.524	4.954	0.913	54.003	5.624	70.0
C00208	Maltose	10.898	-4.322	0.01	1928.205	-4.337	80.0
C00206	dADP	-7.71	4.437	0.103	231.044	-4.579	80.0
C00025	L-Glutamate	8.048	-5.789	0.209	319.953	-6.063	90.0
C00024	Acetyl-CoA	-10.705	-3.6	0.0	0.0	0.0	50.0
C00148	L-Proline	7.289	2.536	0.348	162.189	5.818	70.0
C00026	2-Oxoglutarate	6.449	3.03	0.47	95.534	5.488	70.0
C00021	S-Adenosyl-L-homocysteine	8.266	-4.883	0.096	337.339	-5.015	90.0
C00020	AMP	8.394	-2.038	0.012	340.499	-2.056	70.0
C00022	Pyruvate	-9.441	3.014	0.012	703.141	-3.031	70.0
C00143	5,10-Methylenetetrahydrofolate	-3.81	-7.296	0.0	0.0	0.0	50.0
C00141	3-Methyl-2-oxobutanoic_acid	7.29	5.196	0.713	193.155	7.105	80.0
C00029	UDP-glucose	-10.913	3.853	0.007	1942.598	-3.864	80.0
C00147	Adenine	7.535	3.812	0.506	199.51	6.657	70.0
C00144	GMP	8.609	-3.869	0.037	405.063	-3.922	80.0
C06311	Galactitol_1-phosphate	-5.334	-3.222	0.0	0.0	0.0	50.0
C04633	(3R)-3-Hydroxypalmitoyl-[acyl-carrier_protein]	-8.311	-8.537	0.0	0.0	0.0	50.0
C05726	S-Substituted_L-cysteine	-6.129	-5.209	0.0	0.0	0.0	50.0
C00700	XTP	9.428	6.229	0.661	763.837	8.979	90.0
C00705	dCDP	7.732	1.459	0.189	215.35	5.345	70.0
C06250	Holo-[carboxylase]	-7.86	-4.524	0.0	0.0	0.0	50.0
C02637	3-Dehydroshikimate	-3.459	3.104	0.782	19.595	-3.937	80.0
C04751	1-(5-Phospho-D-ribosyl)-5-amino-4-imidazolecarboxylate	-7.585	4.17	0.094	210.006	-4.299	80.0
C01134	Pantetheine_4'-phosphate	8.276	-3.059	0.027	318.307	-3.097	70.0
C06037	Digalactosyl-diacylglycerol	10.684	5.358	0.501	1686.159	9.724	90.0
C03511	L-Phenylalanyl-tRNA(Phe)	-8.786	-5.426	0.0	0.0	0.0	50.0
C03512	L-Tryptophanyl-tRNA(Trp)	-8.405	-4.954	0.0	0.0	0.0	50.0
C05659	5-Methoxytryptamine	-4.524	-4.459	0.0	0.0	0.0	50.0
C03287	L-Glutamyl_5-phosphate	6.358	0.807	0.127	83.775	3.411	60.0
C03125	L-Cysteinyl-tRNA(Cys)	-7.768	-6.658	0.0	0.0	0.0	50.0
C03127	L-Isoleucyl-tRNA(Ile)	-9.628	-6.459	0.0	0.0	0.0	50.0
C03692	1,2-Diacyl-3-beta-D-galactosyl-sn-glycerol	-10.684	-5.358	0.0	0.0	0.0	50.0
C20373	3-Hydroxyglutaryl-[acp]_methyl_ester	-8.725	-9.033	0.0	0.0	0.0	50.0
C20372	3-Ketoglutaryl-[acp]_methyl_ester	9.518	8.852	0.93	1195.248	10.118	90.0
C20377	3-Hydroxypimeloyl-[acp]_methyl_ester	-8.725	-9.033	0.0	0.0	0.0	50.0
C20376	3-Ketopimeloyl-[acp]_methyl_ester	9.518	8.852	0.93	1195.248	10.118	90.0
C20375	Glutaryl-[acp]_methyl_ester	-7.741	5.977	0.294	276.919	-6.349	90.0
C05401	3-beta-D-Galactosyl-sn-glycerol	10.684	5.358	0.501	1686.159	9.724	90.0
C00415	Dihydrofolate	4.143	-4.605	0.726	42.003	-4.93	90.0
C00416	Phosphatidate	-8.123	5.087	0.122	312.772	-5.253	90.0
C04851	MurAc(oyl-L-Ala-D-gamma-Glu-L-Lys-D-Ala-D-Ala)-diphospho-undecaprenol	6.781	-3.7	0.118	122.969	-3.861	80.0
C10700	4'-Hydroxyacetophenone	-10.811	-4.644	0.0	0.0	0.0	50.0
C00620	alpha-D-Ribose_1-phosphate	10.598	6.109	0.576	1618.966	9.866	90.0
C04006	1D-myo-Inositol_3-phosphate	8.788	-8.17	0.652	730.045	-8.894	90.0
C02686	Galactosylceramide	-9.979	-5.358	0.0	0.0	0.0	50.0
C00243	Lactose	8.933	6.741	0.755	595.731	8.812	90.0
C00242	Guanine	7.737	3.667	0.474	226.041	6.743	70.0
C02442	N-Methyltyramine	4.524	4.459	0.986	45.0	5.471	70.0
C01097	D-Tagatose_6-phosphate	11.954	5.7	0.477	4019.444	10.904	90.0
C01096	Sorbitol_6-phosphate	7.721	4.644	0.601	235.988	7.149	80.0
C01094	D-Fructose_1-phosphate	13.228	6.977	0.527	9720.529	12.324	90.0
C00068	Thiamin_diphosphate	-7.917	-2.248	0.0	0.0	0.0	50.0
C00342	Thioredoxin	-10.456	3.926	0.011	1419.855	-3.942	80.0
C00343	Thioredoxin_disulfide	10.496	-3.7	0.009	1457.141	-3.713	80.0
C00344	Phosphatidylglycerol	7.516	4.322	0.575	203.039	6.867	70.0
C05684	Selenite	10.79	5.17	0.479	1806.574	9.758	90.0
C00063	CTP	8.839	6.133	0.694	528.116	8.517	80.0
C05689	Se-Methyl-L-selenocysteine	9.061	4.755	0.525	561.115	8.202	80.0
C00065	L-Serine	-9.469	-7.419	0.0	0.0	0.0	50.0
C00064	L-Glutamine	-7.287	3.868	0.093	170.774	-3.997	80.0
C11811	1-Hydroxy-2-methyl-2-butenyl_4-diphosphate	-3.585	-3.585	0.0	0.0	0.0	50.0
C16633	5-Fluorouridine	8.707	4.907	0.564	447.898	7.98	80.0
C04677	1-(5'-Phosphoribosyl)-5-amino-4-imidazolecarboxamide	3.672	1.322	0.36	15.246	2.457	60.0
C16634	5-Fluorouridine_monophosphate	-8.707	-6.15	0.0	0.0	0.0	50.0
C19673	Malonyl-[acp]_methyl_ester	6.524	5.977	0.916	155.016	7.15	80.0
C04079	N-((R)-Pantothenoyl)-L-cysteine	7.547	4.907	0.65	217.016	7.141	80.0
C00668	alpha-D-Glucose_6-phosphate	9.736	-2.399	0.006	858.037	-2.408	70.0
C05399	Melibiitol	10.684	5.358	0.501	1686.159	9.724	90.0
C02163	L-Arginyl-tRNA(Arg)	-8.804	-5.285	0.0	0.0	0.0	50.0
C00117	D-Ribose_5-phosphate	9.76	-3.757	0.016	880.587	-3.779	80.0
C00116	Glycerol	-8.829	-5.358	0.0	0.0	0.0	50.0
C00111	Glycerone_phosphate	10.742	-3.583	0.007	1724.616	-3.593	80.0
C02380	6-Mercaptopurine	8.738	5.585	0.639	474.974	8.246	80.0
C00112	CDP	-5.555	-3.261	0.0	0.0	0.0	50.0
C00119	5-Phospho-alpha-D-ribose_1-diphosphate	-10.369	-2.152	0.0	0.0	0.0	50.0
C00118	D-Glyceraldehyde_3-phosphate	-11.805	4.884	0.008	3607.682	-4.896	90.0
C03492	D-4'-Phosphopantothenate	-4.392	2.585	0.286	26.996	-2.948	70.0
C00231	D-Xylulose_5-phosphate	7.431	-3.66	0.073	185.206	-3.762	80.0
C05750	3-Oxooctanoyl-[acp]	9.103	8.438	0.927	896.7	9.699	90.0
C05751	trans-Oct-2-enoyl-[acp]	-6.615	-4.907	0.0	0.0	0.0	50.0
C05752	Octanoyl-[acp]	-7.741	5.977	0.294	276.919	-6.349	90.0
C05753	3-Oxodecanoyl-[acp]	9.103	8.438	0.927	896.7	9.699	90.0
C05754	trans-Dec-2-enoyl-[acp]	-6.615	-4.907	0.0	0.0	0.0	50.0
C05755	Decanoyl-[acp]	-7.741	5.977	0.294	276.919	-6.349	90.0
C05756	3-Oxododecanoyl-[acp]	9.518	8.852	0.93	1195.248	10.118	90.0
C05757	(R)-3-Hydroxydodecanoyl-[acp]	-8.725	-8.951	0.0	0.0	0.0	50.0
C05758	trans-Dodec-2-enoyl-[acp]	-6.615	-4.907	0.0	0.0	0.0	50.0
C05759	3-Oxotetradecanoyl-[acp]	9.518	8.852	0.93	1195.248	10.118	90.0
C00235	Dimethylallyl_diphosphate	3.681	3.888	0.947	27.631	4.709	70.0
C00188	L-Threonine	-7.226	3.075	0.056	158.134	-3.154	70.0
C02702	L-Prolyl-tRNA(Pro)	-9.948	-5.492	0.0	0.0	0.0	50.0
C05818	2-Demethylmenaquinone	-8.397	-4.392	0.0	0.0	0.0	50.0
C00183	L-Valine	-6.917	-2.415	0.0	0.0	0.0	50.0
C03794	N6-(1,2-Dicarboxyethyl)-AMP	-6.352	1.874	0.045	85.351	-1.937	70.0
C00181	D-Xylose	3.7	6.833	0.541	127.005	6.104	70.0
C00010	CoA	7.372	-4.807	0.169	193.644	-5.032	90.0
C00011	CO2	4.24	5.582	0.76	66.797	5.665	70.0
C06548	Ethylene_oxide	10.811	4.644	0.43	1821.536	9.612	90.0
C04352	(R)-4'-Phosphopantothenoyl-L-cysteine	-2.939	1.0	0.261	9.669	-1.334	60.0
C00327	L-Citrulline	8.639	6.459	0.748	486.63	8.507	80.0
C00842	dTDP-glucose	-3.0	-1.585	0.0	0.0	0.0	50.0
C05980	Cardiolipin	-7.948	-4.954	0.0	0.0	0.0	50.0
C06142	1-Butanol	-10.811	-4.644	0.0	0.0	0.0	50.0
C20239	6-Carboxy-5,6,7,8-tetrahydropterin	-3.807	-4.858	0.0	0.0	0.0	50.0
C14519	1-Hydroxypyrene	4.524	4.459	0.986	45.0	5.471	70.0
C11437	1-Deoxy-D-xylulose_5-phosphate	-1.202	0.617	0.667	3.834	-1.354	60.0
C16237	Protein_N6-(lipoyl)lysine	-10.472	-8.524	0.0	0.0	0.0	50.0
C01290	beta-D-Galactosyl-(1->4)-beta-D-glucosyl-(1<->1)-ceramide	10.317	6.741	0.653	1382.6	9.819	90.0
C00445	5,10-Methenyltetrahydrofolate	5.7	6.256	0.911	128.411	6.87	70.0
C01762	Xanthosine	8.381	3.459	0.413	344.371	7.151	80.0
C00441	L-Aspartate_4-semialdehyde	-4.807	1.322	0.089	30.493	-1.445	60.0
C00526	Deoxyuridine	8.971	3.459	0.386	512.808	7.627	80.0
C11453	2-C-Methyl-D-erythritol_2,4-cyclodiphosphate	1.7	3.524	0.482	14.753	2.831	60.0
C00831	Pantetheine	7.547	4.907	0.65	217.016	7.141	80.0
C04882	UDP-N-acetylmuramoyl-L-alanyl-D-glutamyl-6-carboxy-L-lysyl-D-alanyl-D-alanine	-5.585	3.17	0.188	57.002	-3.418	80.0
C01190	beta-D-Glucosyl-(1<->1)-ceramide	-10.317	-5.764	0.0	0.0	0.0	50.0
C03838	5'-Phosphoribosylglycinamide	-5.858	-4.322	0.0	0.0	0.0	50.0
C05400	Epimelibiose	10.684	5.358	0.501	1686.159	9.724	90.0
C03722	Quinolinate	-3.585	2.807	0.583	18.999	-3.47	80.0
C05404	D-Gal_alpha_1->6D-Gal_alpha_1->6D-Glucose	9.793	5.358	0.547	928.142	8.988	90.0
C03939	Acetyl-[acyl-carrier_protein]	-6.68	3.051	0.081	110.825	-3.163	70.0
C04039	2,3-Dihydroxy-3-methylbutanoate	3.322	-4.459	0.455	31.994	-3.863	80.0
C00627	Pyridoxine_phosphate	-11.604	-5.0	0.0	0.0	0.0	50.0
C04895	7,8-Dihydroneopterin_3'-triphosphate	6.381	1.585	0.248	86.344	4.423	60.0
C00780	Serotonin	4.524	4.459	0.986	45.0	5.471	70.0
C01346	dUDP	7.103	3.585	0.505	149.473	6.237	70.0
C01345	dITP	-6.741	4.087	0.159	123.96	-4.3	80.0
C01344	dIDP	9.635	5.883	0.611	854.119	9.027	90.0
C00234	10-Formyltetrahydrofolate	-6.643	-1.138	0.0	0.0	0.0	50.0
C05688	L-Selenocysteine	9.061	4.755	0.525	561.115	8.202	80.0
C01613	Stachyose	10.231	5.358	0.524	1242.828	9.346	90.0
C00159	D-Mannose	11.233	-5.17	0.015	2442.968	-5.191	90.0
C02839	L-Tyrosyl-tRNA(Tyr)	-8.954	-5.248	0.0	0.0	0.0	50.0
C00062	L-Arginine	-8.523	-2.17	0.0	0.0	0.0	50.0
C00014	Ammonia	7.98	-8.131	0.901	532.809	-8.906	90.0
C00015	UDP	-5.276	-2.807	0.0	0.0	0.0	50.0
C00019	S-Adenosyl-L-methionine	0.807	3.0	0.269	9.75	1.391	60.0
C00153	Nicotinamide	-8.079	-5.392	0.0	0.0	0.0	50.0
C00152	L-Asparagine	-7.951	5.75	0.217	301.269	-6.034	90.0
C00155	L-Homocysteine	-7.405	-4.954	0.0	0.0	0.0	50.0
C00066	tRNA	7.435	5.728	0.77	226.048	7.444	80.0
C02876	Propanoyl_phosphate	-7.2	-2.322	0.0	0.0	0.0	50.0
C04146	all-trans-Octaprenyl_diphosphate	8.397	-3.585	0.036	349.093	-3.635	80.0
C02336	beta-D-Fructose	8.994	4.17	0.464	527.876	7.935	80.0
C00259	L-Arabinose	5.615	-3.322	0.204	59.01	-3.59	80.0
C04620	(3R)-3-Hydroxyoctanoyl-[acyl-carrier_protein]	-8.311	-8.537	0.0	0.0	0.0	50.0
C00655	Xanthosine_5'-phosphate	8.02	-2.7	0.025	266.072	-2.736	70.0
C00718	Amylose	-8.003	-4.644	0.0	0.0	0.0	50.0
C02554	L-Valyl-tRNA(Val)	-9.326	-5.248	0.0	0.0	0.0	50.0
C15973	Enzyme_N6-(dihydrolipoyl)lysine	10.341	5.087	0.492	1331.023	9.355	90.0
C17556	di-trans,poly-cis-Undecaprenyl_phosphate	-5.672	2.0	0.078	54.985	-2.109	70.0
C04442	2-Dehydro-3-deoxy-6-phospho-D-gluconate	1.585	-3.644	0.24	15.501	-1.895	70.0
C01127	4-Hydroxy-2-oxoglutarate	4.644	4.585	0.987	49.003	5.596	70.0
C06188	Salicin_6-phosphate	11.96	1.0	0.084	3985.995	8.381	80.0
C18902	Methylselenic_acid	10.79	5.17	0.479	1806.574	9.758	90.0
C03294	N-Formylmethionyl-tRNA	-8.267	-4.7	0.0	0.0	0.0	50.0
C02051	Lipoylprotein	-10.237	1.585	0.002	1209.824	-1.589	70.0
C00870	4-Nitrophenol	-8.011	-5.248	0.0	0.0	0.0	50.0
C04246	But-2-enoyl-[acyl-carrier_protein]	-6.615	-4.907	0.0	0.0	0.0	50.0
C04242	5-Fluorodeoxyuridine_monophosphate	-8.43	-4.585	0.0	0.0	0.0	50.0
C03373	Aminoimidazole_ribotide	9.57	-5.209	0.049	797.064	-5.278	90.0
C01152	N(pi)-Methyl-L-histidine	-4.524	-4.459	0.0	0.0	0.0	50.0
C06056	4-Hydroxy-L-threonine	-8.375	-5.285	0.0	0.0	0.0	50.0
C06055	O-Phospho-4-hydroxy-L-threonine	6.6	-2.415	0.055	102.339	-2.492	70.0
C03479	Folinic_acid	5.0	-8.539	0.086	403.959	-5.119	90.0
C09332	Tetrahydrofolyl-[Glu](2)	-7.665	-4.459	0.0	0.0	0.0	50.0
C00577	D-Glyceraldehyde	-13.823	-6.977	0.0	0.0	0.0	50.0
C00279	D-Erythrose_4-phosphate	13.733	-4.892	0.002	13645.547	-4.895	90.0
C02470	Xanthurenic_acid	4.524	4.459	0.986	45.0	5.471	70.0
C00275	D-Mannose_6-phosphate	-11.701	-4.087	0.0	0.0	0.0	50.0
C00270	N-Acetylneuraminate	8.409	4.392	0.522	360.903	7.558	80.0
C00900	2-Acetolactate	8.347	4.672	0.56	351.102	7.619	80.0
C12215	Iminoerythrose_4-phosphate	-5.392	-6.304	0.0	0.0	0.0	50.0
C12214	Aminofructose_6-phosphate	5.392	6.304	0.855	121.003	6.693	70.0
C00294	Inosine	8.074	-2.222	0.017	274.139	-2.247	70.0
C05699	L-Selenocystathionine	7.748	6.15	0.794	285.984	7.827	80.0
C05698	Selenohomocysteine	-7.665	-4.954	0.0	0.0	0.0	50.0
C00353	Geranylgeranyl_diphosphate	-6.983	-5.087	0.0	0.0	0.0	50.0
C00352	D-Glucosamine_6-phosphate	-9.615	4.728	0.034	810.659	-4.776	90.0
C00299	Uridine	6.222	2.695	0.433	81.122	5.135	70.0
C05898	Undecaprenyl-diphospho-N-acetylmuramoyl-(N-acetylglucosamine)-L-alanyl-D-glutamyl-meso-2,6-diaminopimeloyl-D-alanyl-D-alanine	-8.923	5.17	0.074	521.392	-5.273	90.0
C11736	5-Fluorodeoxyuridine	8.43	4.585	0.544	368.892	7.648	80.0
C05893	Undecaprenyl-diphospho-N-acetylmuramoyl-(N-acetylglucosamine)-L-alanyl-gamma-D-glutamyl-L-lysyl-D-alanyl-D-alanine	-8.963	-4.322	0.0	0.0	0.0	50.0
C05892	UDP-N-acetylmuramoyl-L-alanyl-gamma-D-glutamyl-L-lysine	8.771	4.585	0.523	460.852	7.912	80.0
C05897	Undecaprenyl-diphospho-N-acetylmuramoyl-L-alanyl-D-glutamyl-meso-2,6-diaminopimeloyl-D-alanyl-D-alanine	6.781	-3.7	0.118	122.969	-3.861	80.0
C00357	N-Acetyl-D-glucosamine_6-phosphate	-8.053	-2.0	0.0	0.0	0.0	50.0
C00993	D-Alanyl-D-alanine	-11.324	-3.322	0.0	0.0	0.0	50.0
C00120	Biotin	6.714	4.524	0.674	127.989	6.43	70.0
C00122	Fumarate	-7.875	-6.264	0.0	0.0	0.0	50.0
C00123	L-Leucine	-6.143	-2.503	0.0	0.0	0.0	50.0
C00124	D-Galactose	8.489	-1.503	0.008	362.123	-1.514	60.0
C00129	Isopentenyl_diphosphate	-5.14	1.7	0.092	38.51	-1.827	70.0
C05749	Hexanoyl-[acp]	-7.741	5.977	0.294	276.919	-6.349	90.0
C05748	trans-Hex-2-enoyl-[acp]	-6.615	-4.907	0.0	0.0	0.0	50.0
C05747	(R)-3-Hydroxyhexanoyl-[acp]	-8.725	-8.951	0.0	0.0	0.0	50.0
C05746	3-Oxohexanoyl-[acp]	9.518	8.852	0.93	1195.248	10.118	90.0
C05745	Butyryl-[acp]	-7.741	5.977	0.294	276.919	-6.349	90.0
C05744	Acetoacetyl-[acp]	8.849	8.464	0.956	814.237	9.605	90.0
C03150	Nicotinamide-beta-riboside	8.079	3.459	0.428	281.406	6.913	70.0
C04618	(3R)-3-Hydroxybutanoyl-[acyl-carrier_protein]	-7.99	-8.216	0.0	0.0	0.0	50.0
C04619	(3R)-3-Hydroxydecanoyl-[acyl-carrier_protein]	-8.311	-8.537	0.0	0.0	0.0	50.0
C00725	Lipoate	10.472	8.524	0.814	1788.431	10.508	90.0
C00199	D-Ribulose_5-phosphate	-9.321	-4.199	0.0	0.0	0.0	50.0
C00197	3-Phospho-D-glycerate	-7.725	4.569	0.112	235.307	-4.722	90.0
C03785	D-Tagatose_1,6-bisphosphate	-11.875	-5.7	0.0	0.0	0.0	50.0
C01050	UDP-N-acetylmuramate	7.892	4.594	0.582	261.686	7.251	80.0
C04574	di-trans,poly-cis-Undecaprenyl_diphosphate	7.726	-3.7	0.061	224.714	-3.786	80.0
C01212	UDP-N-acetylmuramoyl-L-alanine	6.234	2.954	0.474	83.019	5.298	70.0
C18261	1-Hydroxy-6-methoxypyrene	4.524	4.459	0.986	45.0	5.471	70.0
C03539	S-Ribosyl-L-homocysteine	9.428	-4.322	0.029	708.829	-4.363	80.0
C06010	(S)-2-Acetolactate	6.042	3.728	0.617	79.141	5.61	70.0
